index,type,step,cue_t_s,target_s,accent_sample,accent_sample_expected,kind,shot_peak_dbfs,shot_len_s
0,riser-a,,0.000,2.0000,96000,96000,end,-16.0,2.000
1,tile-pop,0,0.100,0.1000,4800,4800,onset,-16.0,0.360
2,word-hit,0,0.120,0.1200,5760,5760,onset,-11.7,0.320
3,tile-pop,1,0.175,0.1750,8400,8400,onset,-16.4,0.360
4,tile-pop,2,0.250,0.2500,12000,12000,onset,-15.8,0.360
5,word-hit,1,0.300,0.3000,14400,14400,onset,-12.2,0.320
6,tile-pop,3,0.325,0.3250,15600,15600,onset,-16.0,0.360
7,tile-pop,4,0.400,0.4000,19200,19200,onset,-17.2,0.360
8,tile-pop,5,0.475,0.4750,22800,22800,onset,-16.1,0.360
9,word-hit,2,0.480,0.4800,23040,23040,onset,-12.3,0.320
10,tile-pop,6,0.550,0.5500,26400,26400,onset,-18.7,0.360
11,tile-pop,7,0.625,0.6250,30000,30000,onset,-17.8,0.360
12,tile-pop,8,0.700,0.7000,33600,33600,onset,-17.1,0.360
13,tile-pop,9,0.775,0.7750,37200,37200,onset,-19.0,0.360
14,lock-on,,2.000,2.0000,96000,96000,onset,-17.0,1.700
15,whoosh-out,,2.000,2.1200,101760,101760,peak,-6.8,0.900
16,word-hit,3,2.050,2.0500,98400,98400,onset,-11.8,0.320
17,word-hit,4,2.250,2.2500,108000,108000,onset,-11.6,0.320
18,word-hit,5,2.450,2.4500,117600,117600,onset,-11.8,0.320
19,sparkle-up,,2.501,2.5010,120048,120048,onset,-19.0,1.400
20,chip-pop,2,2.550,2.5500,122400,122400,onset,-18.2,0.620
21,shimmer,,2.700,2.7000,129600,129600,swell,-23.5,1.400
22,riser-b,,3.000,4.0000,192000,192000,end,-12.0,1.000
23,logo-hit,,4.000,4.0000,192000,192000,onset,-5.0,4.600
24,letter-tick,0,4.100,4.1000,196800,196800,onset,-11.6,0.280
25,letter-tick,1,4.150,4.1500,199200,199200,onset,-15.1,0.280
26,letter-tick,2,4.200,4.2000,201600,201600,onset,-15.2,0.280
27,shimmer,,4.200,4.2000,201600,201600,swell,-16.4,1.700
28,letter-tick,3,4.250,4.2500,204000,204000,onset,-16.7,0.280
29,letter-tick,4,4.300,4.3000,206400,206400,onset,-16.6,0.280
30,tagline-air,,4.300,4.3000,206400,206400,swell,-12.4,0.700
31,letter-tick,5,4.350,4.3500,208800,208800,onset,-13.3,0.280
32,room-tone,,4.500,4.5000,216000,216000,swell,-30.0,1.000
33,tap,,5.500,5.5000,264000,264000,onset,-11.3,0.160
34,swipe-yes,2,5.880,6.0000,288000,288000,onset,-5.9,1.300
35,card-in,3,6.000,6.0000,288000,288000,onset,-16.9,0.180
36,dot-tick,2,6.000,6.0000,288000,288000,onset,-19.4,0.180
37,swipe-yes,3,6.380,6.5000,312000,312000,onset,-7.3,1.300
38,card-in,4,6.500,6.5000,312000,312000,onset,-16.4,0.180
39,dot-tick,3,6.500,6.5000,312000,312000,onset,-19.8,0.180
40,swipe-yes,4,6.880,7.0000,336000,336000,onset,-6.0,1.300
41,card-in,5,7.000,7.0000,336000,336000,onset,-17.0,0.180
42,dot-tick,4,7.000,7.0000,336000,336000,onset,-19.6,0.180
43,swipe-no,5,7.380,7.5000,360000,360000,onset,-5.1,1.300
44,card-in,6,7.500,7.5000,360000,360000,onset,-16.6,0.180
45,dot-tick,5,7.500,7.5000,360000,360000,onset,-18.9,0.180
46,swipe-no,6,7.880,8.0000,384000,384000,onset,-5.6,1.300
47,card-in,7,8.000,8.0000,384000,384000,onset,-16.6,0.180
48,dot-tick,6,8.000,8.0000,384000,384000,onset,-19.3,0.180
49,swipe-no,7,8.380,8.5000,408000,408000,onset,-7.1,1.300
50,dot-tick,7,8.500,8.5000,408000,408000,onset,-19.2,0.180
51,reveal-whoosh,,8.500,8.5600,410880,410880,peak,-7.0,0.800
52,scan-riser,,8.800,10.2500,492000,492000,end,-8.0,1.700
53,count-tick,0,9.197,9.1970,441456,441456,onset,-14.2,0.110
54,count-tick,1,9.300,9.3000,446400,446400,onset,-13.8,0.110
55,count-tick,2,9.373,9.3730,449904,449904,onset,-12.2,0.110
56,count-tick,3,9.431,9.4310,452688,452688,onset,-12.7,0.110
57,count-tick,4,9.522,9.5220,457056,457056,onset,-15.5,0.110
58,count-tick,5,9.594,9.5940,460512,460512,onset,-16.4,0.110
59,count-tick,6,9.656,9.6560,463488,463488,onset,-16.6,0.110
60,count-tick,7,9.719,9.7190,466512,466512,onset,-16.0,0.110
61,count-tick,8,9.795,9.7950,470160,470160,onset,-16.1,0.110
62,count-tick,9,9.891,9.8910,474768,474768,onset,-16.6,0.110
63,count-tick,10,9.954,9.9540,477792,477792,onset,-16.9,0.110
64,count-tick,11,10.035,10.0350,481680,481680,onset,-17.3,0.110
65,count-tick,12,10.165,10.1650,487920,487920,onset,-17.4,0.110
66,counter-hit,,10.500,10.5000,504000,504000,onset,-6.0,5.000
67,confetti-pop,,10.520,10.5200,504960,504960,onset,-17.1,1.000
68,whoosh-pullback,,10.600,10.8000,518400,518400,peak,-6.6,0.900
69,confetti-pop,,10.620,10.6200,509760,509760,onset,-21.4,1.000
70,caption-pop,2,10.800,10.8000,518400,518400,onset,-17.9,0.180
71,underline,,11.270,11.4700,550560,550560,peak,-21.5,0.400
72,motif,,11.500,11.5000,552000,552000,onset,-4.0,3.750
73,room-tone,,11.500,11.5000,552000,552000,swell,-30.0,2.400
74,letter-tick,0,11.580,11.5800,555840,555840,onset,-5.3,0.280
75,letter-tick,1,11.630,11.6300,558240,558240,onset,-9.2,0.280
76,letter-tick,2,11.680,11.6800,560640,560640,onset,-9.4,0.280
77,shimmer,,11.700,11.7000,561600,561600,swell,-16.7,1.700
78,letter-tick,3,11.730,11.7300,563040,563040,onset,-10.1,0.280
79,letter-tick,4,11.780,11.7800,565440,565440,onset,-9.1,0.280
80,letter-tick,5,11.830,11.8300,567840,567840,onset,-8.0,0.280
81,line-draw,,12.200,12.5300,601440,601440,peak,-15.4,0.600
82,tagline-air,,12.300,12.3000,590400,590400,swell,-13.3,0.700
83,chip-pop,0,12.700,12.7000,609600,609600,onset,-11.1,0.620
84,chip-pop,1,12.950,12.9500,621600,621600,onset,-12.9,0.620
85,chip-pop,2,13.200,13.2000,633600,633600,onset,-8.6,0.620
86,chip-pop,3,13.450,13.4500,645600,645600,onset,-12.5,0.620
87,tagline-air,,13.800,13.8000,662400,662400,swell,-16.5,0.700
88,sparkle,,13.900,13.9000,667200,667200,onset,-19.0,2.400
