type,index_of_type,cue_t_s,target_s,detected_s,err_ms,band
tile-pop,0,0.100,0.1000,0.10079,0.79,high
word-hit,0,0.120,0.1200,0.12102,1.02,high
tile-pop,1,0.175,0.1750,0.17596,0.96,high
tile-pop,2,0.250,0.2500,0.25083,0.83,high
word-hit,1,0.300,0.3000,0.30529,5.29,low
tile-pop,3,0.325,0.3250,0.32083,-4.17,low
tile-pop,4,0.400,0.4000,0.40056,0.56,high
tile-pop,5,0.475,0.4750,0.47602,1.02,high
word-hit,2,0.480,0.4800,0.47996,-0.04,high
tile-pop,6,0.550,0.5500,,,
tile-pop,7,0.625,0.6250,,,
tile-pop,8,0.700,0.7000,,,
tile-pop,9,0.775,0.7750,,,
lock-on,0,2.000,2.0000,2.00160,1.60,low
word-hit,3,2.050,2.0500,2.05158,1.58,low
word-hit,4,2.250,2.2500,2.25140,1.40,low
word-hit,5,2.450,2.4500,2.45175,1.75,mid
sparkle-up,0,2.501,2.5010,,,
chip-pop,0,2.550,2.5500,,,
logo-hit,0,4.000,4.0000,4.00121,1.21,mid
letter-tick,0,4.100,4.1000,4.10160,1.60,mid
letter-tick,1,4.150,4.1500,,,
letter-tick,2,4.200,4.2000,,,
letter-tick,3,4.250,4.2500,,,
letter-tick,4,4.300,4.3000,,,
letter-tick,5,4.350,4.3500,,,
tap,0,5.500,5.5000,5.50087,0.87,low
swipe-yes,0,5.880,6.0000,5.99969,-0.31,low
card-in,0,6.000,6.0000,5.99969,-0.31,low
dot-tick,0,6.000,6.0000,5.99969,-0.31,low
swipe-yes,1,6.380,6.5000,6.50102,1.02,low
card-in,1,6.500,6.5000,6.50102,1.02,low
dot-tick,1,6.500,6.5000,6.50102,1.02,low
swipe-yes,2,6.880,7.0000,7.00054,0.54,high
card-in,2,7.000,7.0000,7.00054,0.54,high
dot-tick,2,7.000,7.0000,7.00054,0.54,high
swipe-no,0,7.380,7.5000,7.50077,0.77,high
card-in,3,7.500,7.5000,7.50077,0.77,high
dot-tick,3,7.500,7.5000,7.50077,0.77,high
swipe-no,1,7.880,8.0000,8.00094,0.94,mid
card-in,4,8.000,8.0000,8.00094,0.94,mid
dot-tick,4,8.000,8.0000,8.00094,0.94,mid
swipe-no,2,8.380,8.5000,8.50081,0.81,high
dot-tick,5,8.500,8.5000,8.50081,0.81,high
count-tick,0,9.197,9.1970,9.19737,0.38,high
count-tick,1,9.300,9.3000,9.30048,0.48,high
count-tick,2,9.373,9.3730,9.37348,0.48,high
count-tick,3,9.431,9.4310,9.43142,0.42,high
count-tick,4,9.522,9.5220,9.52254,0.54,high
count-tick,5,9.594,9.5940,,,
count-tick,6,9.656,9.6560,,,
count-tick,7,9.719,9.7190,,,
count-tick,8,9.795,9.7950,,,
count-tick,9,9.891,9.8910,,,
count-tick,10,9.954,9.9540,,,
count-tick,11,10.035,10.0350,,,
count-tick,12,10.165,10.1650,,,
counter-hit,0,10.500,10.5000,10.50106,1.06,mid
confetti-pop,0,10.520,10.5200,10.52015,0.15,mid
confetti-pop,1,10.620,10.6200,,,
caption-pop,0,10.800,10.8000,,,
motif,0,11.500,11.5000,11.49706,-2.94,low
letter-tick,6,11.580,11.5800,11.58246,2.46,mid
letter-tick,7,11.630,11.6300,,,
letter-tick,8,11.680,11.6800,,,
letter-tick,9,11.730,11.7300,,,
letter-tick,10,11.780,11.7800,,,
letter-tick,11,11.830,11.8300,,,
chip-pop,1,12.700,12.7000,,,
chip-pop,2,12.950,12.9500,,,
chip-pop,3,13.200,13.2000,,,
chip-pop,4,13.450,13.4500,,,
sparkle,0,13.900,13.9000,,,
